,mean_occ,mean_flow
0,0.049321665366940465,232.1063220027381
1,0.04750408419848275,217.36519459285765
2,0.041180694724741694,252.2830852319179
3,0.021335014188624792,119.4028220300683
4,0.08116720385915543,443.897719318087
5,0.9787430068308365,0.25123109762916573
6,0.9786440088344935,0.45208481044509063
7,0.03490256097483339,121.81308572000947
8,0.01816407295495961,80.8618713870499
9,0.1556423933091591,97.78386595690749
10,0.20664518034605361,148.6116064662381
11,0.08095030299226057,239.39004981026568
12,0.12435428225606289,298.6843243212958
13,0.5271543810810829,151.338831898972
14,0.2742166120352355,370.9299591701802
15,0.15895511783396613,357.97367143126183
16,0.43233018151992997,11.864533459083843
17,0.05345537208555902,387.02506982621645
18,0.08540231660491206,432.67169278167694
19,0.14004081793840845,245.30058018105635
20,0.5202923349038853,180.57782602316257
21,0.5811849629763871,218.36935484112325
22,0.12998441480271444,119.30361014570393
23,0.13518170994244816,378.93552640522756
24,0.21844031505843925,536.697756169204
25,0.32779601363822036,298.8731352718429
26,0.8693980559628063,201.9914060204195
27,0.09182142837811083,232.58408173874233
28,0.7595346172444722,20.61591608936334
29,0.7286274930025012,52.7164252390787
30,0.7351742499647452,63.865582803053854
31,0.7861855178772991,54.682384033152125
32,0.718392925108005,15.787169059912
33,0.477696380367136,87.2398768891823
34,0.4832690623158622,443.1708304624477
35,0.5662840780128962,317.6195075020963
36,0.21877723013079456,278.49904888532603
37,0.3118638026601493,77.86105351205985
38,0.040728703259370565,79.73115354086411
39,0.16948927104888772,223.05410053519674
40,0.3419373108150807,417.7376761366465
41,0.7053902593480658,72.87663659544516
42,0.14441937675050212,665.1320310565479
43,0.4234145131045447,224.60764171982416
44,0.07198740385035962,235.00321967261934
45,0.08462695511527184,353.03580792347327
46,0.08283384097432174,182.89124954824075
47,0.29906818567552085,366.2664264145961
48,0.46264836426286965,132.68023011573538
49,0.010322403603271132,32.875523044694624
50,0.0691256761058283,238.0333621346796
51,0.1586641924856881,687.8268212349127
52,0.2663488783376084,721.57722965088
53,0.012840960771607233,17.696675655253614
54,0.23747901604396232,330.4776411387681
55,0.7622589067069441,70.1302530356108
56,0.13485530336108936,329.0911084676242
57,0.02391859158599378,46.12637933711182
58,0.0764976539858174,94.19498011731383
59,0.4529265358905066,811.3643784693072
60,0.14500760930281867,272.85546337880453
61,0.7369236886403131,15.377183778726698
62,0.18559078937436074,529.9329328629659
63,0.07407990039207318,284.0049110486287
64,0.04048501271729548,143.05379376136162
65,0.6052137355978926,485.78005786115347
66,0.31815721634644356,117.00838291715868
67,0.3409204510670576,209.4373325771482
68,0.34286133044445144,149.77912079262424
69,0.35361395489217,158.32783379598854
70,0.36784387002278734,255.0389754222568
71,0.3332512682749922,94.19063940905798
72,0.10298687704208578,223.60662755706537
73,0.10616660651831289,231.76575506767617
74,0.043240694934394384,154.71153693946718
75,0.10118706678176,389.76751771658877
76,0.19099682379681399,201.67987439104556
77,0.1761077994076637,194.12075536630476
78,0.024314306671072674,114.43846157839067
79,0.3979223361579264,997.2164241790923
80,0.23179938612147252,835.4614325676523
81,0.1238309861107296,254.4234039403733
82,0.2171623333167293,368.93612102893394
83,0.5136876222648571,40.2696788608955
84,0.06551221691681663,220.44074939459134
85,0.08026019447631985,155.33148226778005
86,0.4845583475512068,117.42074908100449
87,0.17881964048663077,389.23218608242814
88,0.5808149407380202,53.68459002414599
89,0.669424153321678,262.36292227647533
90,0.29148948131792946,454.17747309953387
91,0.16967961548529248,334.3791854380176
92,0.12212666002400104,223.4034087318841
93,0.8719853712228274,70.43655714906836
94,0.7285015589371348,56.957142043711166
95,0.07169356654609199,295.1057739084628
96,0.5523626836176578,528.5627918549172
97,0.3707164641714646,152.53118307474134
98,0.4241974486440374,297.27200915194106
99,0.40963136549057433,231.73183339099413
100,0.5687055427507847,317.2978904799172
101,0.44899623335299166,133.1920464547621
102,0.12181626896423908,169.18003919353035
103,0.02705957720815219,69.95240176803823
104,0.11664469791107711,188.30665201063695
105,0.13618336065310288,263.98173735336457
106,0.16383588831404003,316.30859675807534
107,0.44450677051154175,564.5864184514254
108,0.6199304886008261,294.8395496255436
109,0.21338842684977416,399.95187648977753
110,0.03270456912142073,176.92303022567302
111,0.04994129667288548,272.3008983585922
112,0.037874891678871564,190.84661869337526
113,0.26435780958220206,211.38928976255184
114,0.35047092613302167,213.09856087129953
115,0.9999998382531056,0.002329192546583851
116,0.9999996764984471,0.004658385093167702
117,0.026713940029484896,96.02157456389764
118,0.10193055371776391,341.81695069798184
119,0.22167354709157053,493.6571750535202
120,0.1767744212218886,471.3936852781838
121,0.047484384609506824,235.02178756788317
122,0.0960719383241067,153.3395258210409
123,0.07159233172199246,121.9684440703421
124,0.3031685598735767,676.5666986875777
125,0.11949433446676289,154.84123396816804
126,0.18394052823699356,413.47948814844773
127,0.16654473231138187,350.6733035278728
128,0.9999970194394409,0.041056953416149074
129,0.9999970194394409,0.041056953416149074
130,0.9999968900419253,0.04292030745341615
131,0.42723636160778683,191.367245823939
132,0.4830827179356375,311.16408646780525
133,0.08280138126287251,536.4243934534427
134,0.05297083990812123,353.8064985376034
135,0.9999982163726705,0.025684282608695652
136,0.9999982163726705,0.025684282608695652
137,0.4498939671043842,623.8317714237836
138,0.392751407947417,524.253542706496
139,0.20063363832324616,884.5214728787302
140,0.11357729735166928,669.3985655811588
141,0.2562058437028972,206.38521698623197
142,0.2204935978196771,818.4999280692304
143,0.1061098966840241,519.2905441542457
144,0.16331657598966165,460.21304704583395
145,0.08684629014673115,367.9368072797876
146,0.11909216405046374,437.3885434033385
147,0.3769277801026317,214.37087059588544
148,0.10349532170870594,406.45865737575116
149,0.19417138588235971,803.6333628738371
150,0.09312813531767336,400.7819691432199
151,0.056906508111348,231.48813509774845
152,0.13990732269414938,401.4066585861397
153,0.0694161275338556,115.11074458665288
154,0.22096677043590354,237.4364640382507
155,0.079245902907946,280.97864958284083
156,0.16673210170687455,500.26041118478696
157,0.035415351100424194,116.49511230284723
158,0.19641579081295674,357.0937158642166
159,0.3860935099268642,580.0892312033762
160,0.10235051158756212,247.23605842836443
161,0.1275224835279499,301.24216696045545
162,0.07175538950421574,241.89023269001035
163,0.004776938632493796,2.826521632999231
164,0.030404906491767334,21.799642686841384
165,0.1290979199359808,293.81144190916143
166,0.424611606765794,114.03402001858186
167,0.07979175576923096,232.87986197000484
168,0.99991411072989,0.09416956926240042
169,0.03371039403252379,202.52191351490634
170,0.09305245308716255,482.6337918657175
171,0.9999946993446419,0.07247494217424827
172,0.12472869116525628,442.7317821966357
173,0.05098452573622903,229.2037623000514
174,0.13342617670605691,381.0587633844349
175,0.04894614335082654,167.68880613599777
176,0.044491307912073015,197.62531042766568
177,0.07114586806362784,266.8008422533389
178,0.4456248402323609,294.4365038088251
179,0.14441590235696697,590.6698972088512
180,0.5343709352621766,171.89239882776513
181,0.07151988758474752,247.85893339523062
182,0.159283148128698,419.88092585783244
183,0.9999532179084918,0.09292219713484896
184,0.025603044697036247,88.08622989299815
185,0.11292277269210542,297.3880472723981
186,0.220230944578322,427.3425366842617
187,0.026816972902612056,122.79342962830921
188,0.2181916464476295,444.08372827034714
189,0.2566913635325366,167.39223016241044
190,0.42914624022788594,10.779630683743365
191,0.13519239136939395,348.49476485368115
192,0.3803045531892842,318.9080631133606
193,0.43740410710348104,337.0141832104231
194,0.21955612544329692,803.1145923356648
195,0.0379633483169621,114.95246520341823
196,0.10189269814646314,323.22236337267867
197,0.05530845105663608,220.0743840341275
198,0.150481900469232,131.10954958587692
199,0.13560601120394794,372.67656930909465
200,0.003887904934028857,0.8270863622703207
201,0.019790901698856684,32.620261474151256
202,0.02712851710700711,59.71899639785093
203,0.9999973670300158,0.009478672985781991
204,0.11358197382295473,442.9904107579158
205,0.0064803254610829725,10.561978938077422
206,0.09349826133165598,459.43610729546776
207,0.39171176094642124,198.3245062553466
208,0.7158877369285984,91.84538129881672
209,0.10089576024657197,425.42584627641816
210,0.9999508172934184,0.09852792743693553
211,0.15238947385039775,349.41478919744736
212,0.14980773969319242,470.4615402576569
213,0.33808831002573103,83.62628222986065
214,0.32713677067114916,473.90999960523726
215,0.10157962866690562,469.4874102686335
216,0.9999837763616893,0.22668310562837315
217,0.05022728004245179,195.3925715135361
218,0.9991727496628117,0.06049200321254177
219,0.07682136460742242,417.9243447492996
220,0.043542017804061695,53.53147310577108
221,0.9999909187592134,0.1132968006851448
222,0.39432019468104523,0.0869580772345064
223,0.09481067964245304,405.3269721123743
224,0.1665413604548165,585.1749585488426
225,0.16654401106988967,585.2131273202534
226,0.22300825477929082,453.053242548789
227,0.039961493604513225,157.7703625350362
228,0.5371111476650383,178.14465521265527
229,0.040531238487188044,90.59415943286756
230,0.04413961488094694,80.58976005535695
231,0.05890556797179688,215.78344221120113
232,0.08788412961181405,297.65534837732406
233,0.053997370665217446,167.60658688661394
234,0.09044093300999163,416.01668219186735
235,0.008389128323806241,19.02504972944559
236,0.042483800950861524,118.53733746018939
237,0.01627439752588233,65.17357567811139
238,0.02154597266081253,46.24275276371636
239,0.030306814321065727,175.95956685265125
240,0.06498394754745002,268.88495890818103
241,0.059359572814163555,211.59649885469642
242,0.08196606857556822,214.50594955484124
243,0.0647298182930616,459.98128166762257
244,0.04741157967223853,335.3904549497314
245,0.11884320940672197,341.18946669433325
246,0.1506378432688632,341.1064429324501
247,0.16630851295561058,403.08237924441875
248,0.0,0.0
249,0.12436856528536115,280.09442545482
250,0.13486556922499413,240.67244981793786
251,0.9997100610795486,0.6407962424513531
252,0.9999995806374412,0.006038917468127935
253,0.15726129270532344,327.79825247454005
254,0.0,0.0
255,0.18026020661851974,413.2287614430384
256,0.6924050473274838,0.04761136397515528
257,0.3284016995286022,118.92274807087635
258,0.03613080896852213,195.3915328886384
259,0.060955158492039266,189.39695681622723
260,0.0980227293288561,271.4329546372933
261,0.009398099122582836,17.022707869099342
262,0.14372173639715852,202.09107794466883
263,0.30112446724929437,573.7380233262785
264,0.017911971935266717,90.465027294534
265,0.15422956237305463,560.0432563689295
266,0.013604525153983327,29.311548432294913
267,0.15594498570999188,19.57617586794792
268,1.0,0.0
269,1.0,0.0
270,0.08004726517516024,158.1768905086279
271,0.1380347927254104,632.5678124382107
272,0.9999442970258487,0.36178966054188727
273,0.34632616063283095,190.36904380621
274,0.10621598444091067,400.8764126600414
275,0.1267183396865997,606.8585302816247
276,0.1046630102530899,436.6301701850681
277,0.11857991206128626,486.894347365346
278,0.011151833402532263,51.1379087099378
279,0.2259118617643833,384.07474527481946
280,0.135679136642141,282.325304711646
281,0.1317771318423372,272.2597418229037
282,0.05400522447273532,135.67822348889794
283,0.09934527425332017,401.2552470902177
284,0.03150815926007504,87.54056158366984
285,0.11329294258882269,477.97300697774335
286,0.5121271456157435,217.3735424707302
287,0.5602872822320678,169.4627629945914
288,0.036656997202823074,110.80693426955492
289,0.00851873339157105,36.13046736332401
290,0.09607454831021467,360.91352349298677
291,0.28629240261010347,118.40165140999005
292,0.27492159225960405,312.38422862699275
293,0.1181782443017082,430.9906003754918
294,0.11401818451806962,313.3794114965582
295,0.16910014977294974,485.6866337821686
296,0.12387447837274998,431.3595999329669
297,0.2731213099511239,311.8819154344907
298,0.09890639959095021,88.86555630117289
299,0.013907565492785075,67.70441319957634
300,0.7861815716014057,70.94221607705816
301,0.08772895023961794,216.22853629856394
302,0.1420398109112032,366.6455616250259
303,0.9999969976852061,0.010808376491781131
304,0.24011976250907416,179.7010850203032
305,0.20152760117696053,687.6283479505013
306,0.9999969976852061,0.010808376491781131
307,0.0753931394724062,151.6280675392343
308,0.15750139497629403,136.57982463744887
309,0.057555971665898424,121.61018457767588
310,0.18930619851647676,319.51174602172335
311,0.1725373580339147,323.5398393410424
312,0.6067407310666825,11.468110882672038
313,0.19066236088198354,480.509457545884
314,0.0592813837068506,169.63401159162555
315,0.19235419060240355,288.8369138456267
316,0.449582170288277,51.058295318918226
317,0.1523480537365943,506.7910527268124
318,0.05380676339470763,135.44939778105632
319,0.14054061208881974,268.4471813997414
320,0.34244753352269913,514.5415236117757
321,0.11751055083154217,344.38678121366445
322,0.17575644489682993,411.6037976437372
323,0.6391726681653717,111.66889334358474
324,0.27286068975293876,286.26836266220056
325,0.6939496766394841,186.34578816054955
326,0.08024079740061928,135.60070635622628
327,1.0,0.0
328,0.365858409232372,171.23315354213176
329,0.21934959960098696,596.857294650914
330,0.07670666678828912,107.35312172986573
331,0.11239068165276134,222.56317277857156
332,0.9999948519875776,0.030808506211180125
333,0.13110731567920028,292.70282753017597
334,0.1058688577119305,308.5532698637683
335,0.18882433002877957,347.8593569738068
336,0.058427008985262686,133.87395375477914
337,0.15923529059591476,478.7451740087722
338,0.2141767606409969,591.8719599140207
339,0.09848314807735575,12.119911771233722
340,0.08259789125264015,434.79815369588266
341,0.22064453789866145,232.1729314995527
342,0.999990533919456,0.12887300023248605
343,0.9999907922393568,0.12701311182579045
344,0.9999998708431493,0.0018598884066955983
345,0.6569938082635928,188.20914200511467
346,0.16295437881291355,346.8612545660006
347,0.047609945689915036,168.40745321680637
348,0.04524969429455474,220.8992106418168
349,1.0,0.0
350,0.07675295955310492,539.9550616000987
351,0.029948499556171522,125.02245619838101
352,0.025996008963031718,80.0707803369563
353,0.0890509811195344,314.48081171985007
354,0.10928590181364654,469.8065419378373
355,0.170376031386237,795.2395419581782
356,0.17912426453174463,430.2102838886909
357,0.17500836788040647,418.7718691492757
358,0.7103269247140116,243.9490796783943
359,0.6132228883267065,21.25821899217297
360,0.6220620001567605,45.2613630199938
361,0.2969925837808443,276.6681895464291
362,0.17626891957339494,29.307131134712737
363,0.2420511617768488,369.4406639423179
364,0.08173406355619975,252.1036614275679
365,0.09545990602219233,327.49075350300205
366,0.5107232669108918,98.16515150866985
367,0.791202121564225,66.78207258718949
368,0.648832745637887,28.334256994254645
369,0.350347776986966,201.05996469720506
370,0.34160233139489843,51.07194560592641
371,0.33942537415262264,91.65314336752071
372,0.1475454944146581,283.5375801669776
373,0.6526607370562372,110.17807357787275
374,0.39963410346988887,101.46210582538819
375,0.07272940677616753,289.8745778979905
376,0.0623745512519424,236.33377518353527
377,0.06424179870244864,241.3216964393212
378,0.05610801575104071,209.01778058875823
379,0.0,0.0
380,0.0,0.0
381,0.0,0.0
382,0.17430142226322276,667.5510019091497
383,0.09614886605443022,512.2489441958114
384,0.12444055182566961,419.0468275235909
385,0.9999909187592134,0.1132968006851448
386,0.07228349903687992,159.0029122587055
387,3.450655910973084e-05,0.05295031055900621
388,0.11634023226589402,354.5606121927314
389,0.21625367204799764,672.8514629421634
390,0.044800656285247445,104.29080264827452
391,0.1307090415463731,339.2003494421632
392,0.06968769949892475,228.49272212730196
393,0.07169106085930368,244.97106380818997
394,0.021123578462550353,75.22732208314031
395,0.9999951738396302,0.06564219840657928
396,0.03350116662226075,62.0958346516317
397,0.07144624935950485,285.5856797151547
398,0.1399648244041633,311.2539803034352
399,0.4283907133788356,147.54309316748066
400,0.16721488746279017,297.51936730043684
401,0.2251306839491609,307.1406127536626
402,0.19155239266974203,316.5649043258804
403,0.15386644061328308,340.8882030752596
404,0.28301019323520515,263.83962358258384
405,0.14992038985279227,324.5230687944829
406,0.048906377852917154,109.99061541171933
407,0.10849930250610333,327.4746555722609
408,0.1744127028094234,271.9138620543564
409,0.21897042582605147,329.78741638267803
410,0.14987329810875122,320.21431833693146
411,0.09064878883878892,249.87302803626838
412,1.0,0.0
413,0.32018523349464223,116.55669750599318
414,0.060469538456007006,199.10039561492496
415,0.31167748291968667,275.78811885133774
416,1.0,0.0
417,0.029084586616405398,65.45045992769616
418,0.10373541763604455,336.58086532138327
419,0.06553237617256899,291.3828380953194
420,0.054435423796210525,224.16750191470376
421,0.06852094210786819,294.6141706684233
422,0.04213901897261427,95.71653083359179
423,0.05776713986183861,218.64560355422094
424,0.1596006301530366,32.77812671706449
425,0.29166870191383676,105.61743751885736
426,0.0902360765424476,50.064987771566635
427,0.12084918489364746,84.9787454539963
428,0.1473090037017562,423.15692530604974
429,0.017018194497768407,41.74025269480832
430,0.10867434218723145,410.5914821184365
431,0.12824719444002428,390.7438953032216
432,0.11137676576421213,164.11484678784367
433,0.13853874175983927,430.90942057701744
434,0.26614096066106246,49.55988543043477
435,0.5436727549488852,107.99217979189962
436,0.03949314321625534,175.3693157686119
437,0.043943792609894554,118.229012264028
438,0.15641066240136212,433.06624779302757
439,0.1809332030559278,435.3985187475458
440,0.4521907471682804,103.44527559299699
441,0.49016820480257073,344.67664728394504
442,0.0438770294448417,38.23796476014731
443,0.0746356236633448,295.63500761377634
444,0.05239559301567029,172.9930857373875
445,0.034409353683045256,193.49357058491654
446,0.1699535404205147,67.35802612846786
447,0.08462557987426993,130.1689327781061
448,0.520908327507576,33.001587500854065
449,0.0,0.0
450,0.7118570966030507,81.01419222608695
451,0.7031735586012431,57.331238552355074
452,0.02311933231781899,112.39524266178351
453,0.33412672750429145,219.32714324145957
454,0.04843129231443749,279.0570363120795
455,0.12422032892259044,297.4696044864645
456,0.0,0.0
457,0.13565579853464532,245.96182449589293
458,0.04652024392779482,103.04768064744793
459,0.12671129003898818,365.96237685263003
460,0.13659015719106987,318.2883316989823
461,0.08027855957134197,304.1951506684752
462,0.1991868052706375,513.7076728509254
463,0.12957158833350885,435.4383354565765
464,0.10426379210865871,464.58737995241785
465,0.07030184164232248,182.2131273850488
466,0.05832412031776442,168.97206519231784
467,0.3829321910418035,277.45672952288714
468,0.12144861022002944,424.34587188879425
469,0.6348483358040431,138.58155066033785
470,0.4067475627355613,37.903504248863435
471,0.012213721466737585,30.322978579923547
472,0.4252460410734632,151.28448799785608
473,0.43303730534091395,169.8119770474013
474,0.4476522653275613,154.27899542671523
475,0.10864040870649923,452.14465854598086
476,0.08763440748420907,424.3640321780328
477,0.1321993661359425,440.5367166523042
478,0.046432059130104376,244.78981537239102
479,0.05747097175815503,266.3967345852193
480,0.04715890023844795,237.23757205378203
481,0.09911324586396725,256.9380005117532
482,0.23809139526489267,348.71805585882964
483,0.1387351719526167,332.99597516111305
484,0.02438557511608407,60.5393294471481
485,0.13880734747188977,488.7883937623478
486,0.04552081184462221,54.7103771211198
487,0.009799101143792155,34.116747398084655
488,0.007758305316636748,46.027945704505214
489,0.10693033315152878,579.964182296327
490,0.12266973382835278,613.3774193390955
491,0.09401617162230358,515.0186960607291
492,0.015698747586294373,20.312226609960497
493,0.041400772435539156,229.1231751924896
494,0.09472806020464308,531.6719927547244
495,0.1216577825940982,498.6831505112119
496,0.05770509285182943,131.21693019669394
497,0.09619509477486231,360.15085383252966
498,0.3699055843888664,402.5969506981735
499,0.0894020704627427,263.86229689437397
500,0.054572050827672046,191.73487319814745
501,0.1108706495556056,333.1163780547094
502,0.11451211242768343,360.6773234072206
503,0.08934328549146629,84.59727995959179
504,0.06620952955660489,269.44071777610947
505,0.39474922731213,155.66608978220697
506,0.05747021250451062,228.9658187624578
507,0.00429432369119436,14.405466051541536
508,0.0861003502504257,261.80315325838376
509,0.03296084465555903,214.2779235561095
510,0.02365523348971114,183.29565460230472
511,0.08036996817418732,436.49108378114283
512,0.06447614788761033,442.69218077229226
513,0.02032170724952237,73.16973561141381
514,0.7220108666859792,156.3618504506644
515,0.08712668905755494,459.938239576767
516,0.10409123419016118,507.6742962719814
517,0.12830597597980398,496.9130949853107
518,0.13197694299297733,371.1931944558566
519,0.11085634994818067,462.9058854466423
520,0.09047329211799005,290.9618349110103
521,0.31135157665285607,13.102155511522879
522,0.0814949357459875,181.76068312955516
523,0.012846803850088262,35.910463658543435
524,0.01328392623867951,29.24579576331353
525,0.005252615046111025,27.514535457256294
526,0.014767597532780424,66.13311284745123
527,0.02761477376092334,46.98577707450931
528,0.013782836080995025,30.409631994757547
529,0.025637634063522447,63.648187334812434
530,0.0162934948523306,30.195165739359407
531,0.006069179509887875,34.095128955102204
532,0.026605242593722024,89.25702904401514
533,0.011162453117013022,50.399118776627084
534,0.013946674803851356,33.54038360513327
535,0.014639142368906405,37.26626676754374
536,0.010594478913322594,44.904121186078925
537,0.012784406437519349,34.24681449888401
538,0.013532988483395693,33.92273747786245
539,0.01669013860130281,34.85653196657314
540,0.01594193362108623,38.540822446070756
541,0.06659405140152878,390.53668652130796
542,0.09265380231817973,581.8322026791756
543,0.08871300184524537,453.839847399564
544,0.07180180706511198,427.51793408333396
545,0.07533975884103092,469.5898965371649
546,0.05361372781834853,382.05805510484885
547,0.1834659834526788,346.360388936807
548,0.18855286963473725,377.02532874348657
549,0.4677748996098747,273.2197080791819
550,0.3572909660079489,336.38247918159135
551,0.09387940539866958,294.774228425915
552,0.13240388839007589,381.78550669663184
553,0.01404314047610806,46.71613614305636
554,0.054870544840643756,263.8558416180255
555,0.10831423145502428,297.32179414192007
556,0.042226809613684774,227.39590488879452
557,0.03208182379841166,171.09245119910753
558,0.06335244271629309,186.98491980738135
559,0.03355818730745347,173.4412084473686
560,0.03591648050884722,176.5784227397489
561,0.17098723895623624,219.55772599107274
562,0.03801199670685149,198.61353910497786
563,0.044683259039878624,235.02194742562136
564,0.09607922265325712,504.5514153924788
565,0.22205598738470433,435.5048831920213
566,0.14660802353429658,238.2474952460563
567,0.05828581800243675,331.8496713084718
568,0.11799025637958617,641.2921820977635
569,0.16186991055007816,520.7502308785135
570,0.9999993542095474,0.0037197768133911966
571,0.9999997416800992,0.0037197768133911966
572,0.08374891448648895,379.42259530133504
573,0.10700242154274663,380.41449579676686
574,0.10080998814655423,361.5715982594551
575,0.08637438234846027,299.50293829267446
576,0.11583626057398498,376.6879247465909
577,0.0485496365247377,201.90467330349765
578,0.1270471044222156,345.91513768764213
579,0.11214650587777966,192.1041786783171
580,0.14238198271831715,732.2676107068095
581,0.08103460889057121,375.005489303853
582,0.1283769938903148,360.82561693636546
583,0.07670039204829754,251.54871165701297
584,0.05205424896865598,160.6628378290255
585,0.08669658478981461,159.45331223954128
586,0.06506048987725423,252.38166939006612
587,0.011502660642635894,48.26469803729354
588,0.09608404068629699,265.20543962470293
589,0.04726938678936728,236.12542443488567
590,0.12366741776822893,268.44772184976216
591,0.1590969004356174,256.868364849814
592,0.07710660337550353,188.81605721789708
593,0.05573889637019087,226.25844589157114
594,0.04426338313835512,323.95575334291107
595,0.04111127864777579,229.84392452937888
596,0.0696726027710968,397.12200264071436
597,0.19478099151303346,298.0173897869056
598,0.09996114144588687,363.8068868185418
599,0.08135592392855025,447.81179627377264
600,0.14621247572028157,532.4082727628469
601,0.15538794510563655,460.53727342440004
602,0.1150011525727581,331.70658834166505
603,0.03076094277513997,170.5077776246498
604,0.03196912223577296,177.77682140574078
605,0.01263601553006574,46.08306571709211
606,0.01655098848529265,66.72425707373051
607,0.0734564514167574,322.456299482094
608,0.05705925857026886,340.05817656945
609,0.09822204070619733,578.6270840937146
610,0.056063396388667634,357.40528615031513
611,0.10426965491577826,117.47187607994948
612,0.014527636443121007,36.11632940261419
613,0.056392329888378334,250.5784992348629
614,0.09869504043682803,275.38732857292337
615,0.05697715467726298,293.7875402117429
616,0.006394574224781716,13.957863258963629
617,0.13378744616274355,110.97203875175676
618,0.20528968478035137,272.1302742921833
619,0.13554127305983127,393.55751623827234
620,0.021957206967411422,96.0613298880152
621,0.06165198356968605,69.40854394523654
622,0.048275427226908973,149.1651174962288
623,0.06832077196279439,277.6848583050992
624,0.1328852856211793,390.65894733648514
625,0.1917227435477939,364.72978697254104
626,0.4752445045247825,138.67569717216895
627,0.6506144658952812,66.02177492046393
628,0.11475227555801565,502.31898358927504
629,0.07725055299204132,277.8720928122804
630,0.04212403550222922,121.04457014406398
631,0.06863136847464368,185.48353409521613
632,0.13293441584193022,477.90919811211
633,0.05204976914664066,165.85565552826017
634,0.05139137627111264,260.07081406305565
635,0.06924255729034146,325.8347849045775
636,0.10522415102664283,385.9171712980731
637,0.05591889746312508,209.55433665705752
638,0.02068515629462808,108.67366443358661
639,0.0188428769570312,129.72881603086918
640,0.03589750951881332,39.33275353960011
641,0.13666784042187435,40.4196041872804
642,0.0719511356689214,8.057532919404835
643,0.05504916604197142,13.041425246047735
644,0.07223776828941939,398.377596511418
645,0.06200017487665051,396.0900331460788
646,0.05648431164410001,373.7711028963117
647,0.0642891188965343,426.70538151518934
648,0.006183778858038879,12.67495877490183
649,0.035048917175090864,133.30963321436786
650,0.10508643992673057,354.2789468273133
651,0.13621068303411465,826.0437866912465
652,0.11694159196783185,710.9867445117578
653,0.12096388586897341,841.4946454002918
654,0.09787440701729207,707.7809222182871
655,0.9997572913640611,0.9173335845530988
656,0.9997516429679227,1.0351478449081284
657,0.030959166380494042,190.02829579816776
658,0.03599065825840851,195.80177038256525
659,0.14208003940185604,69.4071124025743
660,0.04908566330695304,159.8902345526837
661,0.3458220280346372,192.13474781326215
662,0.051876271669934075,272.8076329007028
663,0.07137541129823827,343.23317095890224
664,0.100074864051795,396.8849123384486
665,0.04590809754204637,208.63624545644797
666,0.017140495458595348,112.04644326831496
667,0.052872260826185714,344.535374367509
668,0.04552741109554774,195.94638105182733
669,0.03725544404173145,218.2568650287817
670,0.05180264370617139,336.3310503236542
671,0.15450874421799043,575.0898830842422
672,0.12111949953262767,608.578365618455
673,0.13690200231736235,366.82736876232855
674,0.04404364083925414,288.9434034016071
675,0.038287278602244755,280.7945654532446
676,0.067193328983868,352.0202441073315
677,0.7808501201671573,0.06560047078425295
678,0.11081230511404741,131.19968592172992
679,0.49162841985852845,27.27900038021803
680,0.6960763334600868,12.941310908529646
681,0.020710352569724998,74.3113111535183
682,0.18349365832628928,161.98311736244588
683,0.03060668378989199,88.81357151870222
684,0.04868012044646998,192.34447836169699
685,0.05188128272866808,228.0617601853435
686,0.08271140803405409,129.66749460265564
687,0.1066831962206332,293.7703478698854
688,0.063622334752206,270.9034146566439
689,0.028789163519681187,105.61260943611806
690,0.07678874548240591,220.2423725449732
691,0.014298365025450215,66.97542608200945
692,0.12187280669665508,335.3285539064117
693,0.21037468274837007,515.8223564366091
694,0.17312152514866774,367.35043796308656
695,0.16034340149983986,343.83241328825727
696,0.13623676167577514,196.98286278761123
697,0.3062642756103969,1175.1165209747883
698,0.14511783956736662,264.1385455059417
699,0.0872012646193508,430.03119046750356
700,0.10852093298761882,363.0891219359115
701,0.07440901985157315,237.5658217994163
702,0.0298159764625425,148.7729410765656
703,0.015487316056488882,133.26655325118833
704,0.02179439283876559,172.91873446972536
705,0.0032433866205465716,6.503728093071916
706,0.025570665999268907,99.00168177268026
707,0.11155135797013628,192.90534215230443
708,0.09727431892886713,82.23368030620995
709,0.10991269685224511,164.01776461469322
710,0.1229695448012244,279.6948385106169
711,0.7072187512077421,78.59048480308431
712,0.08956512714091226,253.46398900103324
713,0.052307631771264525,229.16693451144377
714,0.05994465670711877,235.43337645401974
715,0.33709289097497735,192.60752185448985
716,0.03740314172410884,222.4179187671528
717,0.0546301692941261,201.2420881751915
718,0.06799704968724408,414.4951897337519
719,0.023754856840395525,188.44778528792142
720,0.08145237088458362,276.69849890090956
721,0.045426330647122426,200.20538872608012
722,0.05323166611386259,259.3477809103122
723,0.10424999902306241,379.6639221163981
724,0.05632499697043802,118.21635238768363
725,0.05458981877167304,174.22171424705533
726,0.10929705896654539,443.8444088918428
727,0.08525930056887532,280.73893406791217
728,0.033806432510056356,252.84155986758654
729,0.002655597497367769,6.191786690121928
730,0.7357454918848036,16.81023633498655
731,0.19584756754091018,356.58730900281574
732,0.13037605155641172,319.74507230574517
733,0.06816286327750815,284.01928430951665
734,0.07956571599409493,292.1344266941001
735,0.05998188983595511,225.39288238476465
736,0.04178254888781496,209.97676885141564
737,0.06021001062208094,287.21846948726477
738,0.06396817232462794,348.0558687876115
739,0.13270340260930188,378.18869776317456
740,0.06940584112877128,122.28386847354845
741,0.0694232281827805,133.4680088622392
742,0.12926330960159893,134.9331963566596
743,0.1821307345128776,194.24996236936894
744,0.07502724467092371,132.0345760466008
745,0.03516779338444399,171.0792461680876
746,0.01829898972285197,86.54891244825897
747,0.04758973473896734,194.6511101091654
748,0.07781888866530055,359.15373459328634
749,0.10500670041520921,373.1738286516393
750,0.16649001064499067,420.21027982435606
751,0.10312242026841052,254.2041082555281
752,0.035344900174740415,88.25427872081015
753,0.03331022194174932,90.38177265785795
754,0.10619156696014916,263.87997039362483
755,0.14914090189900858,196.5414361721171
756,0.1038143736111155,369.8310748918941
757,0.17649904811367526,345.28127229145997
758,0.10073008399449825,374.2166084109587
759,0.09543710280744051,36.72866857759774
760,0.08305362280465561,261.19143299584846
761,0.5896478621507545,94.50760726549912
762,0.32827273277892643,82.00163855615838
763,0.36074820283263603,128.67805282935524
764,0.3375005050554092,159.66969353073978
765,0.024039732235465593,135.4114876367021
766,0.04382441749026391,232.15523726281262
767,0.03593514678484318,192.10518625813745
768,0.02134731766127279,49.83419704109828
769,0.12162454807171662,271.7389530026092
770,0.0869650657249455,367.54641959240047
771,0.04470237051374774,178.90292938324066
772,0.03996623108898274,209.7424244487756
773,0.04138884209999214,199.96446535813212
774,0.04310279245397286,203.0108856944362
775,0.03949460387155924,178.65745718247587
776,0.03376646535152518,144.10439838011487
777,0.32879902787172843,122.90148766452269
778,0.015751257418284776,56.49185058018176
779,0.08252513280623042,105.1895627694516
780,0.15584231451167077,217.5666424995351
781,0.14853291464300988,252.29646469580518
782,0.10334553782151279,52.62110215434483
783,0.18496933485620967,111.96289125423658
784,0.08045724306704362,147.88198794087114
785,0.06472505875912084,81.05196360033054
786,0.2054955256518834,161.8391172416823
787,0.27204548159581027,298.46477438556536
788,0.202132369760515,92.31864795745511
789,0.0844882394403326,130.41885587657586
790,0.08464031498605891,327.6851425994268
791,0.042852882062122864,136.41600672858576
792,0.023089453119424116,145.5836196231145
793,0.018489521386737894,79.17203653903178
794,0.33772926797572156,98.54093215871033
795,0.30115137927097096,24.848242976208915
796,0.13889170708959556,111.88405928141148
797,0.13083990490982197,83.40367129564476
798,0.2118102569003385,41.9513227568196
799,0.4858331815758439,83.467054655714
800,0.17322718798005005,53.49499561043079
801,0.1487342913131302,157.13932510784778
802,0.060185589520151496,190.28413499338723
803,0.03632146039897445,216.39205413665007
804,0.10683115588288401,235.3617203764723
805,0.10812023125084212,250.26356241651212
806,0.08128053172301078,175.4231311548618
807,0.09554875090886066,267.0873035414862
808,0.07162004116768039,185.77443278192837
809,0.021793884414111824,102.82590523122042
810,0.06406058425236619,172.01779303631994
811,0.04269488163927872,70.61568195063549
812,0.03888235818040406,160.61290845761022
813,0.07676436674457952,159.7884668224583
814,0.9999998708431493,0.0018598884066955983
815,0.024885354892828965,56.7631752028569
816,0.39550932555124224,0.027981892857142858
817,0.07354646377031307,150.89525858444614
818,0.8698935719484322,232.11310325602997
819,0.9192356015762962,113.66123845683232
820,0.4813506845069134,226.20103555308012
821,0.4479524489809694,129.14085838755182
822,0.6891913251656577,117.06800684161512
823,0.12959425398868793,328.33149020313147
824,0.09005659061315999,210.93353023312665
825,0.7284842039370408,108.48176527202382
826,0.4403600921618559,229.41678015282116
827,0.6468067022104842,142.30871064968957
828,0.7356821232285716,116.28835326552813
829,0.6881861559573331,66.00050935553818
830,0.14306206672253896,523.3968923042466
831,0.10602293168248243,451.7918533604536
832,0.17230097388335164,439.22617700262106
833,0.27749820595088004,97.01059425158324
834,0.09486168529750869,453.9687494658986
835,0.0,0.0
836,0.0,0.0
837,0.4030280880796051,50.65231083245088
838,0.12261472364135016,417.84746206682706
839,0.006592503338335702,26.32498587636242
840,0.04175701490553433,69.31587716464188
841,0.09405900049280369,165.88428579146026
842,0.2339290223682502,158.7362857469262
843,0.10434696880992989,208.09464594244696
844,0.02945471396443319,115.99297287129977
845,0.4344435163934166,190.38541405090587
846,0.42918720006114136,161.70949573838007
847,0.9999998708431493,0.0018598884066955983
848,0.24498374420790497,637.762715814864
849,0.04247826375966627,83.82614073184028
850,0.19387492671000883,485.85296150844533
851,0.042228841999044885,17.730354291575786
852,0.0753459309691096,292.3578138910158
853,0.14819529072041412,348.1726874099979
854,0.5282218976114759,144.97937861633702
855,9.953768020217599e-05,0.20953068928296067
856,0.15447259343195002,369.76789519806397
857,0.31785942215519153,133.08089639278668
858,0.15253176731007154,504.0386750075948
859,0.04463233844900797,120.30228466984414
860,0.15778888046433906,375.37686600328027
861,0.1065976721691296,548.9244034374814
862,0.11796978514759428,343.05171528412865
863,0.09380046707697198,174.26180211508077
864,0.09007771651914408,127.58353639401243
865,0.1145849268537735,287.98211986877493
866,0.08022514046980234,97.01251089191989
867,0.05632289473002051,208.89163475844722
868,0.04876722839434234,163.8999624567838
869,0.040419301319301486,202.64859342263375
870,0.0333529192600461,155.91394144306716
871,0.01858155518413645,125.52895446135716
872,0.007818823978001403,46.015539209384265
873,0.10496203052000401,286.3977072333395
874,0.3091446824317451,0.1958928626596076
875,0.041263552471550814,167.62242603554498
876,0.6507884488518841,249.75406920071669
877,0.6166546572174063,46.284375209669825
878,0.033162721487781516,122.21758580740696
879,0.04892174561778527,84.89060575936863
880,0.036698601284947036,160.5248156554454
881,0.06864301234934078,230.31735863165778
882,0.042275058749324995,145.91027104614363
883,0.18082580941661533,680.462491258305
884,0.13366245973199956,671.2899818250813
885,0.14493582752819265,223.13999233214537
886,0.1853587619804926,399.48917098863404
887,0.12875028769177527,193.53271544619284
888,0.23916522153242165,254.62257064416735
889,0.03392745050754295,99.526011639466
890,0.20794963723933688,612.920735529578
891,0.13151236544309547,648.1494919637316
892,0.020896089608307425,103.14001150550236
893,0.03489228732050796,82.28438176487909
894,0.14976502406542097,591.020741157574
895,0.029053927735646422,136.55898301942577
896,0.15243447154252926,615.4648934116035
897,0.01706648633011707,87.19859025247993
898,0.15078899902785206,616.9102671617076
899,0.1596245702488195,626.8878154352657
900,0.22370435713213999,547.9778736417657
901,0.07429313789690015,176.370412535648
902,0.060033408811076265,105.9101597648535
903,0.019569362214654232,82.2161111806158
904,0.13517918137680562,648.8238502891876
905,0.03719668782889033,134.18181025948047
906,0.0658710720833566,149.9354139577136
907,0.03697289505631064,142.02998600521818
908,0.2169538071024664,51.71733149152712
909,0.10026873053909872,274.5242604912948
910,0.14951869931483291,234.58910785911354
911,0.2964940615811304,285.3178187057198
912,0.1126053276443322,407.68274559642873
913,0.12343024627950053,422.1337710841107
914,0.11259284600021999,437.68610769917245
915,0.09069541969985494,474.1111026660977
916,0.14765233548515724,323.7018491015451
917,0.13269366667935018,394.14181893108093
918,0.14854542917944286,376.3753456697151
919,0.05522108659697766,172.1060794987603
920,0.3539829482322931,390.46809724374873
921,0.12495745970921117,258.56895300917046
922,1.0,0.0
923,1.0,0.0
924,1.0,0.0
925,0.0800621185450659,276.8397776852657
926,0.14152575569666276,304.92139775521815
927,0.06786142855284422,299.4832464428089
928,0.17023990658809235,258.9770230783738
929,0.3859202397296861,326.59797169236936
930,1.0,0.0
931,0.458422263084793,83.77326381421786
932,0.43918344262689074,221.70244435518714
933,0.35759507844068766,66.09395483188676
934,0.05793672346027057,160.3796397427157
935,0.17897710525479954,525.7017645034871
936,0.05642032750277569,224.76005625222157
937,0.10016620370450513,317.8425614435319
938,0.3438641500921672,775.8475188869098
939,0.2556695951424603,1015.7031122662236
940,0.12545930600599567,601.1489132867075
941,0.12128531069934911,666.695836388975
942,0.2596233973534063,522.3281393280123
943,0.2373340952230622,546.9927666943586
944,0.019450971164961764,54.66051280874141
945,0.36155760108961277,761.3796671002538
946,0.23254071882174568,1044.1164797511121
947,0.13724066059005974,632.5818783918421
948,0.12634830211395182,680.8541965152933
949,0.22492964733302048,548.4044851343255
950,0.2046455364020977,572.4630119209812
951,0.023433391472450313,59.75049510994005
952,0.023075695095817778,69.46793502955155
953,0.2224142663357931,1038.8533239582066
954,0.15123613953630635,577.1906429357049
955,0.13305231572774867,536.537596768289
956,0.1348934438709088,632.6993122019782
957,0.2260534712432008,559.4476500543502
958,0.09541664470230145,27.987891531747287
959,0.1216672047740467,32.0094103396363
960,0.09016431098557282,468.81563330344585
961,0.37806553575507607,369.0393735149567
962,0.05043732301389766,343.65071256680136
963,1.0,0.0
964,1.0,0.0
965,0.17913458464196863,451.4271737899882
966,0.14385292674724892,310.36299595102344
967,0.025202500207919986,129.52263972091362
968,0.13627045772074023,291.21104040612744
969,0.07080715774308988,258.4668880073623
970,0.06968934629027956,335.58537289158426
971,0.08652821206242753,306.082015434878
972,0.20704186999733695,266.3786522823416
973,0.2788818369761186,188.38183982103752
974,0.051404242600356705,96.9205006758628
975,0.11707162515259363,235.57368014667293
976,0.05928815489700728,86.86408256357208
977,0.692966522020536,0.027898326100433975
978,0.6929652304210321,0.03254804711717297
979,0.1081387293385357,335.2273924867999
980,0.4254166746572531,182.84683923246013
981,0.42931641374471197,206.49104282424045
982,0.14224313250854198,940.5282697575695
983,0.09618653589733166,727.3232962061124
984,0.19528643297885462,1042.4729813814865
985,0.18485069135084334,1123.3054207767361
986,0.569508781613519,355.27334669337654
987,0.5613768793296091,398.0136584469674
988,0.4382033202375252,527.0669004692082
989,0.7092513179626182,81.14356788825178
990,0.7182317200086611,120.55849529869295
991,0.9999998104540372,0.0027294542607917693
992,0.6973020991191288,13.720056600769786
993,0.7325947770121746,103.4394616286682
994,0.9999992481324088,0.00814287184075151
995,0.9999988816819503,0.013419816595839858
996,0.9999973842719749,0.016149270856631627
997,0.999907773853069,0.6211385926844389
998,0.018895315226681492,24.028722108622638
999,0.10493356219381862,512.4489539877816
